"term","estimate","std.error","statistic","p.value"
"(Intercept)",1.67381630189227,2.30133901085576,0.727322786428525,0.467454780954033
"MP",0.0437655601516359,0.00698063846989396,6.26956407216727,9.41181734577377e-10
"Age",0.0370835245242996,0.0844468475747689,0.439134504002249,0.660801791652094
"`FG%`",20.8759686537985,1.88074510427713,11.0998394233876,3.94381237875261e-25
